{
  "throwin": {
    "taken": 114126,
    "shots": 11395,
    "xg_sum": 1017.0963622056963
  },
  "freekick": {
    "taken": 77344,
    "shots": 14312,
    "xg_sum": 1172.9842304549038
  },
  "corner": {
    "taken": 26325,
    "shots": 10348,
    "xg_sum": 944.1494310309017
  }
}