{
  "models": {
    "corner": {
      "kind": "corner",
      "rows": 10348,
      "goals": 891,
      "base": 0.08610359489756475,
      "features": 30,
      "best_iter": 43,
      "auc": 0.7790935221037129,
      "logloss": 0.24823342414977131,
      "brier": 0.06790405582300497,
      "p_shot": 0.39308641975308645,
      "xg_per_setpiece": 0.03586512558521944,
      "top": [
        [
          "distance_to_goal",
          0.12302371114492416
        ],
        [
          "is_header",
          0.08595097064971924
        ],
        [
          "loc_x",
          0.06728613376617432
        ],
        [
          "body_part_enc",
          0.0475187823176384
        ],
        [
          "delivery_technique_enc",
          0.041275519877672195
        ],
        [
          "nearest_defender_dist",
          0.03963250666856766
        ],
        [
          "defenders_in_box",
          0.03779864311218262
        ],
        [
          "gk_dist_from_line",
          0.036136675626039505
        ]
      ]
    },
    "freekick": {
      "kind": "freekick",
      "rows": 14312,
      "goals": 1347,
      "base": 0.09411682504192286,
      "features": 30,
      "best_iter": 117,
      "auc": 0.7724904196988761,
      "logloss": 0.263454839481912,
      "brier": 0.0738823446872632,
      "p_shot": 0.1850434422838229,
      "xg_per_setpiece": 0.015165807696200143,
      "top": [
        [
          "distance_to_goal",
          0.1260758936405182
        ],
        [
          "body_part_enc",
          0.07122518122196198
        ],
        [
          "is_header",
          0.05800279602408409
        ],
        [
          "loc_x",
          0.05362757295370102
        ],
        [
          "gk_x",
          0.04940831661224365
        ],
        [
          "centrality",
          0.04385746642947197
        ],
        [
          "delivery_length",
          0.042679741978645325
        ],
        [
          "delivery_height_enc",
          0.04255209118127823
        ]
      ]
    },
    "throwin": {
      "kind": "throwin",
      "rows": 11395,
      "goals": 1084,
      "base": 0.095129442738043,
      "features": 30,
      "best_iter": 74,
      "auc": 0.8016142441457669,
      "logloss": 0.2589598605283326,
      "brier": 0.07393961589057642,
      "p_shot": 0.09984578448381613,
      "xg_per_setpiece": 0.008912047756038908,
      "top": [
        [
          "distance_to_goal",
          0.12397675216197968
        ],
        [
          "loc_x",
          0.07325446605682373
        ],
        [
          "is_header",
          0.07040344178676605
        ],
        [
          "gk_x",
          0.054874517023563385
        ],
        [
          "body_part_enc",
          0.04944300651550293
        ],
        [
          "centrality",
          0.04623351991176605
        ],
        [
          "nearest_defender_dist",
          0.04169604927301407
        ],
        [
          "gk_dist_from_line",
          0.0403914600610733
        ]
      ]
    },
    "setpiece": {
      "kind": "setpiece",
      "rows": 36055,
      "goals": 3322,
      "base": 0.09213701289696297,
      "features": 31,
      "best_iter": 140,
      "auc": 0.7957999709238665,
      "logloss": 0.2504755939496354,
      "brier": 0.07005002055167765,
      "p_shot": null,
      "xg_per_setpiece": null,
      "top": [
        [
          "distance_to_goal",
          0.1179916188120842
        ],
        [
          "is_header",
          0.07208685576915741
        ],
        [
          "body_part_enc",
          0.06640125811100006
        ],
        [
          "loc_x",
          0.048605579882860184
        ],
        [
          "gk_x",
          0.04782368242740631
        ],
        [
          "delivery_length",
          0.037133730947971344
        ],
        [
          "wall_size",
          0.03644049912691116
        ],
        [
          "zone_enc",
          0.03216508403420448
        ]
      ]
    }
  },
  "counts": {
    "throwin": {
      "taken": 114126,
      "shots": 11395,
      "xg_sum": 1017.0963622056963
    },
    "freekick": {
      "taken": 77344,
      "shots": 14312,
      "xg_sum": 1172.9842304549038
    },
    "corner": {
      "taken": 26325,
      "shots": 10348,
      "xg_sum": 944.1494310309017
    }
  }
}